marque	type	moteur	energie	transmission	couleur
toyota	rav4	d4d	essence	4x2	rouge
toyota	Auris	d4d	essence	4x4	noir
toyota	corolla	d4d	gasoil	4x4	gris
toyota	yaris	d4d	gasoil	4x4	blanc
volwagen	polo	TDI	essence	4x2	orange
volwagen	golf	TDI	essence	4x2	violet
volwagen	crafter	TDI	gasoil	4x4	grenat
volwagen	tiguan	TDI	essence	4x2	noir
peugeot	208	HDI	essence	4x2	jaune
peugeot	206	HDI	gasoil	4x4	marron
peugeot	partner	HDI	essence	4x2	vert
peugeot	expert	HDI	gasoil	4x4	noir
haval	dargo	blue core	essence	4x2	blanc
haval	f7	blue core	essence	4x2	rouge
haval	monster	blue core	gasoil	4x4	gris
haval	jolion	blue core	essence	4x2	marron
mercedes	atego	OM904	essence	4x4	orange
mercedes	vario	OM906	essence	4x2	violet
mercedes	407	OM314	gasoil	4x2	blanc
mercedes	vito	OM611	essence	4x4	violet
renault	clio 	HDI	essence	4x4	rouge
renault	espace	HDI	gasoil	4x4	jaune
renault	kangoo	HDI	gasoil	4x2	noir
renault	partner	HDI	gasoil	4x4	vert
